"GID_0","NAME_0","GID_1","NAME_1","population","coverage_mean","coverage_pop_weighted","year","type"
"AGO","Angola","AGO.1_1","Bengo",630423.812533811,0,0,2020,"mean"
"AGO","Angola","AGO.2_1","Benguela",1910804.06391013,0,0,2020,"mean"
"AGO","Angola","AGO.3_1","Bié",1079362.39245036,0,0,2020,"mean"
"AGO","Angola","AGO.4_1","Cabinda",1220604.83241992,0,0,2020,"mean"
"AGO","Angola","AGO.5_1","Cuando Cubango",416756.049498595,0.000274869517787309,0.000255048675097309,2020,"mean"
"AGO","Angola","AGO.6_1","Cuanza Norte",346566.948730189,0,0,2020,"mean"
"AGO","Angola","AGO.7_1","Cuanza Sul",1872568.07023459,0,0,2020,"mean"
"AGO","Angola","AGO.8_1","Cunene",1245089.56874862,0,0,2020,"mean"
"AGO","Angola","AGO.9_1","Huambo",1679131.2224035,0,0,2020,"mean"
"AGO","Angola","AGO.10_1","Huíla",3204264.21985912,0,0,2020,"mean"
"AGO","Angola","AGO.11_1","Luanda",15241357.5096855,0,0,2020,"mean"
"AGO","Angola","AGO.12_1","Lunda Norte",878206.845583051,0,0,2020,"mean"
"AGO","Angola","AGO.13_1","Lunda Sul",516872.311698422,0,0,2020,"mean"
"AGO","Angola","AGO.14_1","Malanje",946501.59828857,0,0,2020,"mean"
"AGO","Angola","AGO.15_1","Moxico",1187598.14652974,4.56335589429802e-05,2.62414671861156e-05,2020,"mean"
"AGO","Angola","AGO.16_1","Namibe",607222.417046309,0,0,2020,"mean"
"AGO","Angola","AGO.17_1","Uíge",904249.437147379,0,0,2020,"mean"
"AGO","Angola","AGO.18_1","Zaire",753546.245653603,0,0,2020,"mean"
"BDI","Burundi","BDI.1_1","Bubanza",420145.683761597,0,0,2020,"mean"
"BDI","Burundi","BDI.2_1","Bujumbura Mairie",859432.817626953,0,0,2020,"mean"
"BDI","Burundi","BDI.3_1","Bujumbura Rural",807568.327159166,0,0,2020,"mean"
"BDI","Burundi","BDI.4_1","Bururi",861433.549201965,0.000835820747953322,0.000773295825673612,2020,"mean"
"BDI","Burundi","BDI.5_1","Cankuzo",330864.427017212,0.058918966202154,0.0565225000354202,2020,"mean"
"BDI","Burundi","BDI.6_1","Cibitoke",576816.31212616,0,0,2020,"mean"
"BDI","Burundi","BDI.7_1","Gitega",911101.340492249,0.0528293566985263,0.0554140588238555,2020,"mean"
"BDI","Burundi","BDI.8_1","Karuzi",540975.994850159,0.0570131612065084,0.0567957656069162,2020,"mean"
"BDI","Burundi","BDI.9_1","Kayanza",844369.972763062,0.00110327122876277,0.00112317217864531,2020,"mean"
"BDI","Burundi","BDI.10_1","Kirundo",847842.91530633,0.00104037458077073,0.00128435911700495,2020,"mean"
"BDI","Burundi","BDI.11_1","Makamba",572689.993829489,0.0012886470153195,0.00159264206822228,2020,"mean"
"BDI","Burundi","BDI.12_1","Muramvya",350438.489089966,0,0,2020,"mean"
"BDI","Burundi","BDI.13_1","Muyinga",991327.835639954,0.0546170333639169,0.0592435540078363,2020,"mean"
"BDI","Burundi","BDI.14_1","Mwaro",347101.864044189,0,0,2020,"mean"
"BDI","Burundi","BDI.15_1","Ngozi",828642.934295654,0.0605265117945179,0.0580498086374817,2020,"mean"
"BDI","Burundi","BDI.16_1","Rutana",530022.941261292,0.0591903969125692,0.0589816274951987,2020,"mean"
"BDI","Burundi","BDI.17_1","Ruyigi",597803.101558685,0.00202954198839595,0.00185507137496491,2020,"mean"
"BEN","Benin","BEN.1_1","Alibori",1197983.46787262,0.242166624899747,0.226337576053777,2020,"mean"
"BEN","Benin","BEN.2_1","Atakora",1035398.63365936,0.160932209606122,0.123802550794825,2020,"mean"
"BEN","Benin","BEN.3_1","Atlantique",2058978.81917858,0,0,2020,"mean"
"BEN","Benin","BEN.4_1","Borgou",1683825.45304012,0.00159180757418201,0.000877123651567104,2020,"mean"
"BEN","Benin","BEN.5_1","Collines",860192.522418022,0,0,2020,"mean"
"BEN","Benin","BEN.6_1","Donga",709088.468332291,0.213954414979281,0.309778597219975,2020,"mean"
"BEN","Benin","BEN.7_1","Kouffo",918218.641283035,0,0,2020,"mean"
"BEN","Benin","BEN.8_1","Littoral",417938.481445312,0,0,2020,"mean"
"BEN","Benin","BEN.9_1","Mono",580919.921424866,0,0,2020,"mean"
"BEN","Benin","BEN.10_1","Ouémé",1290955.405159,0,0,2020,"mean"
"BEN","Benin","BEN.11_1","Plateau",793508.881062984,0,0,2020,"mean"
"BEN","Benin","BEN.12_1","Zou",1071180.28944969,0,0,2020,"mean"
"BFA","Burkina Faso","BFA.1_1","Boucle du Mouhoun",1917593.22289473,0,0,2020,"mean"
"BFA","Burkina Faso","BFA.2_1","Cascades",1135196.98297286,0,0,2020,"mean"
"BFA","Burkina Faso","BFA.7_1","Centre",4193918.02395058,0,0,2020,"mean"
"BFA","Burkina Faso","BFA.3_1","Centre-Est",1695088.53459144,0,0,2020,"mean"
"BFA","Burkina Faso","BFA.4_1","Centre-Nord",1741130.25023937,0,0,2020,"mean"
"BFA","Burkina Faso","BFA.5_1","Centre-Ouest",1709250.87162685,0.00118889687556011,0.000616715963042197,2020,"mean"
"BFA","Burkina Faso","BFA.6_1","Centre-Sud",884817.221496403,0.000138231777470477,9.47378018296557e-05,2020,"mean"
"BFA","Burkina Faso","BFA.8_1","Est",2029901.50039211,0,0,2020,"mean"
"BFA","Burkina Faso","BFA.9_1","Haut-Bassins",2482419.46409488,0,0,2020,"mean"
"BFA","Burkina Faso","BFA.10_1","Nord",1589882.22960258,0,0,2020,"mean"
"BFA","Burkina Faso","BFA.11_1","Plateau-Central",949344.602345943,0,0,2020,"mean"
"BFA","Burkina Faso","BFA.12_1","Sahel",1484485.04733276,0,0,2020,"mean"
"BFA","Burkina Faso","BFA.13_1","Sud-Ouest",916531.495243073,0.00044920111426904,0.000310523809809578,2020,"mean"
"BWA","Botswana","BWA.1_1","Central",682436.674943745,0.00177045349550999,0.00117958732114681,2020,"mean"
"BWA","Botswana","BWA.2_1","Chobe",26796.5966437459,0.00444896039797595,0.00361070724491849,2020,"mean"
"BWA","Botswana","BWA.3_1","Francistown",67886.322022438,0.00058154649741482,0.000586064005440461,2020,"mean"
"BWA","Botswana","BWA.4_1","Gaborone",150662.59569931,0.00117377024920036,0.00117949417863029,2020,"mean"
"BWA","Botswana","BWA.5_1","Ghanzi",56726.4264952315,0.00156786701227597,0.00111688214556141,2020,"mean"
"BWA","Botswana","BWA.6_1","Jwaneng",980.13566493988,0.000977732939645648,0.000977732939645648,2020,"mean"
"BWA","Botswana","BWA.7_1","Kgalagadi",57501.6220392978,0.000516880244841793,0.000694105684574022,2020,"mean"
"BWA","Botswana","BWA.8_1","Kgatleng",119273.455380797,0.00113946255111263,0.00111577444359986,2020,"mean"
"BWA","Botswana","BWA.9_1","Kweneng",394971.843288163,0.000883146750164764,0.00114014679108926,2020,"mean"
"BWA","Botswana","BWA.10_1","Lobatse",32185.2454223633,0.00117722409777343,0.00117722409777343,2020,"mean"
"BWA","Botswana","BWA.11_1","North-East",124433.035699248,0.000509913686941239,0.000529488489020609,2020,"mean"
"BWA","Botswana","BWA.12_1","North-West",182169.114724144,0.00407673022500809,0.00437389696821582,2020,"mean"
"BWA","Botswana","BWA.13_1","Selibe Phikwe",29624.6735782623,0.000523631548276171,0.000526984360241576,2020,"mean"
"BWA","Botswana","BWA.14_1","South-East",215058.919792101,0.00129990654189468,0.00115951066359443,2020,"mean"
"BWA","Botswana","BWA.15_1","Southern",240741.572489332,0.00106673408501966,0.00109973139212071,2020,"mean"
"BWA","Botswana","BWA.16_1","Sowa",0,NA,NA,2020,"mean"
"CAF","Central African Republic","CAF.1_1","Bamingui-Bangoran",59014.5862508565,0,0,2020,"mean"
"CAF","Central African Republic","CAF.2_1","Bangui",596165.841135025,0,0,2020,"mean"
"CAF","Central African Republic","CAF.3_1","Basse-Kotto",335079.078368902,0,0,2020,"mean"
"CAF","Central African Republic","CAF.4_1","Haut-Mbomou",77132.2598760696,9.10938384556725e-07,2.65061084489764e-08,2020,"mean"
"CAF","Central African Republic","CAF.5_1","Haute-Kotto",123893.27804902,0,0,2020,"mean"
"CAF","Central African Republic","CAF.6_1","Kémo",161411.398205355,0,0,2020,"mean"
"CAF","Central African Republic","CAF.7_1","Lobaye",338923.269004703,0,0,2020,"mean"
"CAF","Central African Republic","CAF.8_1","Mambéré-Kadéï",492316.015446961,0,0,2020,"mean"
"CAF","Central African Republic","CAF.9_1","Mbomou",218640.675797297,0,0,2020,"mean"
"CAF","Central African Republic","CAF.10_1","Nana-Grébizi",161311.240777656,0,0,2020,"mean"
"CAF","Central African Republic","CAF.11_1","Nana-Mambéré",320765.169564605,0,0,2020,"mean"
"CAF","Central African Republic","CAF.12_1","Ombella-M'Poko",748283.626664937,0,0,2020,"mean"
"CAF","Central African Republic","CAF.13_1","Ouaka",379872.712767869,0,0,2020,"mean"
"CAF","Central African Republic","CAF.15_1","Ouham",503265.844790727,0,0,2020,"mean"
"CAF","Central African Republic","CAF.14_1","Ouham-Pendé",587948.205141902,0,0,2020,"mean"
"CAF","Central African Republic","CAF.16_1","Sangha-Mbaéré",141958.024292648,0,0,2020,"mean"
"CAF","Central African Republic","CAF.17_1","Vakaga",71000.7414052002,0,0,2020,"mean"
"CIV","Côte d'Ivoire","CIV.1_1","Abidjan",5436150.55575085,0,0,2020,"mean"
"CIV","Côte d'Ivoire","CIV.2_1","Bas-Sassandra",2631410.9495728,0,0,2020,"mean"
"CIV","Côte d'Ivoire","CIV.3_1","Comoé",1332591.86239225,0,0,2020,"mean"
"CIV","Côte d'Ivoire","CIV.4_1","Denguélé",339064.679745674,0,0,2020,"mean"
"CIV","Côte d'Ivoire","CIV.5_1","Gôh-Djiboua",1893759.45995092,0,0,2020,"mean"
"CIV","Côte d'Ivoire","CIV.6_1","Lacs",1470226.67296842,0,0,2020,"mean"
"CIV","Côte d'Ivoire","CIV.7_1","Lagunes",1596393.63849735,0,0,2020,"mean"
"CIV","Côte d'Ivoire","CIV.8_1","Montagnes",2841965.37352306,0,0,2020,"mean"
"CIV","Côte d'Ivoire","CIV.9_1","Sassandra-Marahoué",2765795.76184186,0,0,2020,"mean"
"CIV","Côte d'Ivoire","CIV.10_1","Savanes",1977018.22337836,0,0,2020,"mean"
"CIV","Côte d'Ivoire","CIV.11_1","Vallée du Bandama",1584975.60154164,0,0,2020,"mean"
"CIV","Côte d'Ivoire","CIV.12_1","Woroba",1021181.78991795,0,0,2020,"mean"
"CIV","Côte d'Ivoire","CIV.13_1","Yamoussoukro",405161.917465568,0,0,2020,"mean"
"CIV","Côte d'Ivoire","CIV.14_1","Zanzan",1044722.94545803,0,0,2020,"mean"
"CMR","Cameroon","CMR.1_1","Adamaoua",1463667.30392109,0,0,2020,"mean"
"CMR","Cameroon","CMR.2_1","Centre",5802256.32784414,0,0,2020,"mean"
"CMR","Cameroon","CMR.3_1","Est",1067758.10368913,0,0,2020,"mean"
"CMR","Cameroon","CMR.4_1","Extrême-Nord",4586726.27017835,0,0,2020,"mean"
"CMR","Cameroon","CMR.5_1","Littoral",4404958.46634877,0,0,2020,"mean"
"CMR","Cameroon","CMR.7_1","Nord",3146378.3535651,0,0,2020,"mean"
"CMR","Cameroon","CMR.6_1","Nord-Ouest",2353609.06122077,0,0,2020,"mean"
"CMR","Cameroon","CMR.8_1","Ouest",2150541.51151375,0,0,2020,"mean"
"CMR","Cameroon","CMR.10_1","Sud",976744.530883431,0,0,2020,"mean"
"CMR","Cameroon","CMR.9_1","Sud-Ouest",1987840.30545152,0,0,2020,"mean"
"COD","Democratic Republic of the Congo","COD.1_1","Bas-Uélé",1504147.71519624,0,0,2020,"mean"
"COD","Democratic Republic of the Congo","COD.2_1","Équateur",2403361.6974444,0,0,2020,"mean"
"COD","Democratic Republic of the Congo","COD.3_1","Haut-Katanga",10650248.6762778,0.00052174901844009,0.000413412380498007,2020,"mean"
"COD","Democratic Republic of the Congo","COD.4_1","Haut-Lomami",7966491.07182675,0,0,2020,"mean"
"COD","Democratic Republic of the Congo","COD.5_1","Haut-Uélé",2112455.91149318,0,0,2020,"mean"
"COD","Democratic Republic of the Congo","COD.6_1","Ituri",6126072.25625855,0.000359807115305087,0.00066570137222881,2020,"mean"
"COD","Democratic Republic of the Congo","COD.9_1","Kasaï",6289523.8754635,0,0,2020,"mean"
"COD","Democratic Republic of the Congo","COD.7_1","Kasaï-Central",7223428.96672097,0,0,2020,"mean"
"COD","Democratic Republic of the Congo","COD.8_1","Kasaï-Oriental",5690987.21604147,0,0,2020,"mean"
"COD","Democratic Republic of the Congo","COD.10_1","Kinshasa",7797514.32673589,0,0,2020,"mean"
"COD","Democratic Republic of the Congo","COD.11_1","Kongo-Central",3006921.571949,0,0,2020,"mean"
"COD","Democratic Republic of the Congo","COD.12_1","Kwango",2344263.35754842,0,0,2020,"mean"
"COD","Democratic Republic of the Congo","COD.13_1","Kwilu",4478208.1040704,0,0,2020,"mean"
"COD","Democratic Republic of the Congo","COD.14_1","Lomami",4156480.71541649,0,0,2020,"mean"
"COD","Democratic Republic of the Congo","COD.15_1","Lualaba",4029147.29477727,9.62299705894144e-05,1.87629082752703e-05,2020,"mean"
"COD","Democratic Republic of the Congo","COD.16_1","Maï-Ndombe",1721819.89914561,0,0,2020,"mean"
"COD","Democratic Republic of the Congo","COD.17_1","Maniema",3073233.61055857,0,0,2020,"mean"
"COD","Democratic Republic of the Congo","COD.18_1","Mongala",2300029.63829777,0,0,2020,"mean"
"COD","Democratic Republic of the Congo","COD.19_1","Nord-Kivu",9310629.71500723,2.54285918308957e-05,3.34305029192799e-05,2020,"mean"
"COD","Democratic Republic of the Congo","COD.20_1","Nord-Ubangi",1560754.81902695,0,0,2020,"mean"
"COD","Democratic Republic of the Congo","COD.21_1","Sankuru",206320.247060263,0,0,2020,"mean"
"COD","Democratic Republic of the Congo","COD.22_1","Sud-Kivu",6134380.49285705,0,0,2020,"mean"
"COD","Democratic Republic of the Congo","COD.23_1","Sud-Ubangi",2992850.62279856,0,0,2020,"mean"
"COD","Democratic Republic of the Congo","COD.24_1","Tanganyika",5545851.9944212,0.00127711444328503,0.000365530658573723,2020,"mean"
"COD","Democratic Republic of the Congo","COD.25_1","Tshopo",3528209.96601249,0,0,2020,"mean"
"COD","Democratic Republic of the Congo","COD.26_1","Tshuapa",1676531.45425821,0,0,2020,"mean"
"COG","Republic of Congo","COG.1_1","Bouenza",265286.921427354,0,0,2020,"mean"
"COG","Republic of Congo","COG.2_1","Brazzaville",649344.429830194,0,0,2020,"mean"
"COG","Republic of Congo","COG.4_1","Cuvette",176851.77378444,0,0,2020,"mean"
"COG","Republic of Congo","COG.3_1","Cuvette-Ouest",171690.600812018,0,0,2020,"mean"
"COG","Republic of Congo","COG.5_1","Kouilou",369621.539762139,0,0,2020,"mean"
"COG","Republic of Congo","COG.6_1","Lékoumou",161783.265579805,0,0,2020,"mean"
"COG","Republic of Congo","COG.7_1","Likouala",1129785.12362382,0,0,2020,"mean"
"COG","Republic of Congo","COG.8_1","Niari",157227.088704586,0,0,2020,"mean"
"COG","Republic of Congo","COG.9_1","Plateaux",116815.806764167,0,0,2020,"mean"
"COG","Republic of Congo","COG.10_1","Pointe Noire",101057.836547852,0,0,2020,"mean"
"COG","Republic of Congo","COG.11_1","Pool",636506.722700639,0,0,2020,"mean"
"COG","Republic of Congo","COG.12_1","Sangha",109784.948267668,0,0,2020,"mean"
"CPV","Cape Verde","CPV.1_1","Boa Vista",16716.8362665176,NA,0,2020,"mean"
"CPV","Cape Verde","CPV.2_1","Brava",3214.36983108521,NA,0,2020,"mean"
"CPV","Cape Verde","CPV.3_1","Maio",5726.63105416298,NA,0,2020,"mean"
"CPV","Cape Verde","CPV.4_1","Mosteiros",4389.95810127258,NA,0,2020,"mean"
"CPV","Cape Verde","CPV.5_1","Paúl",5181.01037454605,NA,0,2020,"mean"
"CPV","Cape Verde","CPV.6_1","Porto Novo",7761.82334697247,NA,0,2020,"mean"
"CPV","Cape Verde","CPV.7_1","Praia",11775.2251091003,NA,0,2020,"mean"
"CPV","Cape Verde","CPV.8_1","Ribeira Brava",6727.67288899422,NA,0,2020,"mean"
"CPV","Cape Verde","CPV.9_1","Ribeira Grande",21822.286968708,NA,0,2020,"mean"
"CPV","Cape Verde","CPV.10_1","Ribeira Grande de Santiago",9630.81867408752,NA,0,2020,"mean"
"CPV","Cape Verde","CPV.11_1","Sal",19000.6089115143,NA,0,2020,"mean"
"CPV","Cape Verde","CPV.12_1","Santa Catarina",44236.537191391,NA,0,2020,"mean"
"CPV","Cape Verde","CPV.13_1","Santa Catarina do Fogo",19428.1656188965,NA,0,2020,"mean"
"CPV","Cape Verde","CPV.14_1","Santa Cruz",20747.5938949585,NA,0,2020,"mean"
"CPV","Cape Verde","CPV.15_1","São Domingos",13296.8699417114,NA,0,2020,"mean"
"CPV","Cape Verde","CPV.16_1","São Filipe",11310.2109193802,NA,0,2020,"mean"
"CPV","Cape Verde","CPV.17_1","São Lourenço dos Órgãos",130414.059467316,NA,0,2020,"mean"
"CPV","Cape Verde","CPV.18_1","São Miguel",6143.76155662537,NA,0,2020,"mean"
"CPV","Cape Verde","CPV.19_1","São Salvador do Mundo",15154.5807304382,NA,0,2020,"mean"
"CPV","Cape Verde","CPV.20_1","São Vicente",74313.849193573,NA,0,2020,"mean"
"CPV","Cape Verde","CPV.21_1","Tarrafal",38250.3457107544,NA,0,2020,"mean"
"CPV","Cape Verde","CPV.22_1","Tarrafal de São Nicolau",4231.78840351105,NA,0,2020,"mean"
"DJI","Djibouti","DJI.1_1","Ali Sabieh",130718.770709038,0,0,2020,"mean"
"DJI","Djibouti","DJI.2_1","Dikhil",138112.937571883,0,0,2020,"mean"
"DJI","Djibouti","DJI.3_1","Djibouti",528999.315176964,0,0,2020,"mean"
"DJI","Djibouti","DJI.4_1","Obock",63309.7117214203,6.24699392714179e-05,3.35244823744973e-05,2020,"mean"
"DJI","Djibouti","DJI.5_1","Tadjourah",159070.5014292,0,0,2020,"mean"
"ERI","Eritrea","ERI.1_1","Anseba",623219.171703339,0.0101354582203103,0.0101545598947364,2020,"mean"
"ERI","Eritrea","ERI.2_1","Debub",1099148.63852596,0.0126974816332305,0.0119919692921594,2020,"mean"
"ERI","Eritrea","ERI.3_1","Debubawi Keyih Bahri",108017.713330586,0.0127616164794984,0.0128121078172362,2020,"mean"
"ERI","Eritrea","ERI.4_1","Gash Barka",900512.112167597,0.00985483319496829,0.00971960745711854,2020,"mean"
"ERI","Eritrea","ERI.5_1","Maekel",918911.637181282,0.0102694991026359,0.0103918366127529,2020,"mean"
"ERI","Eritrea","ERI.6_1","Semenawi Keyih Bahri",517135.982921362,0.0107640025136329,0.0105253722269195,2020,"mean"
"ETH","Ethiopia","ETH.1_1","Addis Abeba",3586099.36014557,0,0,2020,"mean"
"ETH","Ethiopia","ETH.2_1","Afar",1850140.1257192,5.16167209492549e-05,2.26124850807339e-05,2020,"mean"
"ETH","Ethiopia","ETH.3_1","Amhara",22315158.4290172,0.000107958111236467,7.56219610105729e-06,2020,"mean"
"ETH","Ethiopia","ETH.4_1","Benshangul-Gumaz",1158240.24917173,0.124496867877888,0.137194974664254,2020,"mean"
"ETH","Ethiopia","ETH.5_1","Dire Dawa",478202.027774811,0,0,2020,"mean"
"ETH","Ethiopia","ETH.6_1","Gambela Peoples",571194.477861434,6.8533371983296e-06,3.35744931574775e-06,2020,"mean"
"ETH","Ethiopia","ETH.7_1","Harari People",250121.494064331,0,0,2020,"mean"
"ETH","Ethiopia","ETH.8_1","Oromia",39726261.6789738,0.0139337072371315,0.0182644564958982,2020,"mean"
"ETH","Ethiopia","ETH.9_1","Somali",6251000.95904875,0.000102525128055569,0.000114702752961506,2020,"mean"
"ETH","Ethiopia","ETH.10_1","Southern Nations, Nationalities and Peoples",21617604.9970762,3.43194135423287e-05,3.56129246164646e-05,2020,"mean"
"ETH","Ethiopia","ETH.11_1","Tigray",5965209.88973522,0.000157244338691589,4.20052198896463e-05,2020,"mean"
"GAB","Gabon","GAB.1_1","Estuaire",1059535.39715238,0,0,2020,"mean"
"GAB","Gabon","GAB.2_1","Haut-Ogooué",808008.175807536,0,0,2020,"mean"
"GAB","Gabon","GAB.3_1","Moyen-Ogooué",109178.838597067,0,0,2020,"mean"
"GAB","Gabon","GAB.4_1","Ngounié",151318.671373874,0,0,2020,"mean"
"GAB","Gabon","GAB.5_1","Nyanga",70385.9020173531,0,0,2020,"mean"
"GAB","Gabon","GAB.6_1","Ogooué-Ivindo",97184.010961026,0,0,2020,"mean"
"GAB","Gabon","GAB.7_1","Ogooué-Lolo",123678.580326498,0,0,2020,"mean"
"GAB","Gabon","GAB.8_1","Ogooué-Maritime",168629.840906576,0,0,2020,"mean"
"GAB","Gabon","GAB.9_1","Wouleu-Ntem",326773.991745725,0,0,2020,"mean"
"GHA","Ghana","GHA.1_1","Ashanti",6836087.50836599,0,0,2020,"mean"
"GHA","Ghana","GHA.2_1","Brong Ahafo",2881003.04660697,0,0,2020,"mean"
"GHA","Ghana","GHA.3_1","Central",2935003.50962257,0,0,2020,"mean"
"GHA","Ghana","GHA.4_1","Eastern",3354372.34451354,0,0,2020,"mean"
"GHA","Ghana","GHA.5_1","Greater Accra",5230832.46291018,0,0,2020,"mean"
"GHA","Ghana","GHA.6_1","Northern",3435256.28688613,0.0685679695876765,0.0812820894370757,2020,"mean"
"GHA","Ghana","GHA.7_1","Upper East",1158588.30262715,0.0647179103539873,0.0326972049620231,2020,"mean"
"GHA","Ghana","GHA.8_1","Upper West",845500.159719944,0.187932813396821,0.208151241551044,2020,"mean"
"GHA","Ghana","GHA.9_1","Volta",2771222.16870674,0,0,2020,"mean"
"GHA","Ghana","GHA.10_1","Western",2877241.03153181,0,0,2020,"mean"
"GIN","Guinea","GIN.1_1","Boké",1185493.58073589,0,0,2020,"mean"
"GIN","Guinea","GIN.2_1","Conakry",1669485.484447,0,0,2020,"mean"
"GIN","Guinea","GIN.3_1","Faranah",1087046.42024875,0,0,2020,"mean"
"GIN","Guinea","GIN.4_1","Kankan",2508928.29233491,0,0,2020,"mean"
"GIN","Guinea","GIN.5_1","Kindia",2065845.89699361,0,0,2020,"mean"
"GIN","Guinea","GIN.6_1","Labé",1077438.57244897,0,0,2020,"mean"
"GIN","Guinea","GIN.7_1","Mamou",784740.061406136,0,0,2020,"mean"
"GIN","Guinea","GIN.8_1","Nzérékoré",1689511.59247255,0,0,2020,"mean"
"GMB","Gambia","GMB.1_1","Banjul",309068.331512451,0.100526642054319,0.0490810628110911,2020,"mean"
"GMB","Gambia","GMB.2_1","Lower River",86718.2615919113,0.265606220345944,0.298732703356119,2020,"mean"
"GMB","Gambia","GMB.3_1","Maccarthy Island",250864.837192297,0.437455257899325,0.435003080511371,2020,"mean"
"GMB","Gambia","GMB.4_1","North Bank",226388.616083622,0.1952582358085,0.185890525302599,2020,"mean"
"GMB","Gambia","GMB.5_1","Upper River",273711.198740005,0.507082231262679,0.508308861667216,2020,"mean"
"GMB","Gambia","GMB.6_1","Western",1060943.61240292,0.124787869956344,0.0777217062023925,2020,"mean"
"GNB","Guinea-Bissau","GNB.1_1","Bafatá",247584.971262693,0,0,2020,"mean"
"GNB","Guinea-Bissau","GNB.2_1","Biombo",143315.583922625,0,0,2020,"mean"
"GNB","Guinea-Bissau","GNB.3_1","Bissau",380589.709217072,0,0,2020,"mean"
"GNB","Guinea-Bissau","GNB.4_1","Bolama",24732.100630641,0,0,2020,"mean"
"GNB","Guinea-Bissau","GNB.5_1","Cacheu",207936.354298279,0,0,2020,"mean"
"GNB","Guinea-Bissau","GNB.6_1","Gabú",265720.178174019,0,0,2020,"mean"
"GNB","Guinea-Bissau","GNB.7_1","Oio",263940.798791707,0,0,2020,"mean"
"GNB","Guinea-Bissau","GNB.8_1","Quinara",68935.0826477557,0,0,2020,"mean"
"GNB","Guinea-Bissau","GNB.9_1","Tombali",98096.0084978342,0,0,2020,"mean"
"GNQ","Equatorial Guinea","GNQ.1_1","Annobón",2667.12534713745,NA,0,2020,"mean"
"GNQ","Equatorial Guinea","GNQ.2_1","Bioko Norte",298672.642156601,0.0389843432605267,0.0409627380869109,2020,"mean"
"GNQ","Equatorial Guinea","GNQ.3_1","Bioko Sur",42519.1569843292,0.035609700941834,0.0297747792837232,2020,"mean"
"GNQ","Equatorial Guinea","GNQ.4_1","Centro Sur",148819.945459604,0.0512730494545874,0.0524704688638717,2020,"mean"
"GNQ","Equatorial Guinea","GNQ.5_1","Kié-Ntem",182335.129407883,0.0572139808408371,0.0574418215046459,2020,"mean"
"GNQ","Equatorial Guinea","GNQ.6_1","Litoral",358113.613114476,0.0762297833202089,0.0803648389461854,2020,"mean"
"GNQ","Equatorial Guinea","GNQ.7_1","Wele-Nzas",198419.352456093,0.049182850380998,0.0498758422277586,2020,"mean"
"KEN","Kenya","KEN.1_1","Baringo",804401.317004882,0,0,2020,"mean"
"KEN","Kenya","KEN.2_1","Bomet",1130100.43026499,0,0,2020,"mean"
"KEN","Kenya","KEN.3_1","Bungoma",2046278.91822019,0.000216488935984671,1.4630125334475e-06,2020,"mean"
"KEN","Kenya","KEN.4_1","Busia",955893.977796078,0.00120921074589597,0.00312446800734478,2020,"mean"
"KEN","Kenya","KEN.5_1","Elgeyo-Marakwet",502490.277923584,0,0,2020,"mean"
"KEN","Kenya","KEN.6_1","Embu",625166.124568089,0,0,2020,"mean"
"KEN","Kenya","KEN.7_1","Garissa",1490831.91278573,0,0,2020,"mean"
"KEN","Kenya","KEN.8_1","Homa Bay",1194125.12173629,0.00107465905549864,0.00116636722897293,2020,"mean"
"KEN","Kenya","KEN.9_1","Isiolo",182537.323158402,0,0,2020,"mean"
"KEN","Kenya","KEN.10_1","Kajiado",1022929.32593978,0,0,2020,"mean"
"KEN","Kenya","KEN.11_1","Kakamega",1916106.45662461,0,0,2020,"mean"
"KEN","Kenya","KEN.12_1","Kericho",1068156.30894332,0,0,2020,"mean"
"KEN","Kenya","KEN.13_1","Kiambu",1781996.50043793,0,0,2020,"mean"
"KEN","Kenya","KEN.14_1","Kilifi",1395627.57243669,0,0,2020,"mean"
"KEN","Kenya","KEN.15_1","Kirinyaga",652116.720494151,0,0,2020,"mean"
"KEN","Kenya","KEN.16_1","Kisii",1437405.48782349,0.00464503659356025,0.00256982161324975,2020,"mean"
"KEN","Kenya","KEN.17_1","Kisumu",1248101.56995392,0,0,2020,"mean"
"KEN","Kenya","KEN.18_1","Kitui",1276468.83583343,0,0,2020,"mean"
"KEN","Kenya","KEN.19_1","Kwale",844420.403548263,0,0,2020,"mean"
"KEN","Kenya","KEN.20_1","Laikipia",607870.776916265,0,0,2020,"mean"
"KEN","Kenya","KEN.21_1","Lamu",95621.4265115485,0,0,2020,"mean"
"KEN","Kenya","KEN.22_1","Machakos",1336989.86645269,0,0,2020,"mean"
"KEN","Kenya","KEN.23_1","Makueni",1108685.43980613,0,0,2020,"mean"
"KEN","Kenya","KEN.24_1","Mandera",2634770.12566757,0,0,2020,"mean"
"KEN","Kenya","KEN.25_1","Marsabit",349820.130833987,0,0,2020,"mean"
"KEN","Kenya","KEN.26_1","Meru",1726238.30218792,0,0,2020,"mean"
"KEN","Kenya","KEN.27_1","Migori",1165761.14920759,0.0987864775766789,0.106873456064928,2020,"mean"
"KEN","Kenya","KEN.28_1","Mombasa",1144229.96500397,0,0,2020,"mean"
"KEN","Kenya","KEN.29_1","Murang'a",1124812.08754327,0,0,2020,"mean"
"KEN","Kenya","KEN.30_1","Nairobi",4960933.49445486,0,0,2020,"mean"
"KEN","Kenya","KEN.31_1","Nakuru",2363474.82880771,0,0,2020,"mean"
"KEN","Kenya","KEN.32_1","Nandi",1120230.30644768,0,0,2020,"mean"
"KEN","Kenya","KEN.33_1","Narok",1330609.8642516,0.000188643363519357,0.000415173889233046,2020,"mean"
"KEN","Kenya","KEN.34_1","Nyamira",769260.338233948,0,0,2020,"mean"
"KEN","Kenya","KEN.35_1","Nyandarua",687121.031998937,0,0,2020,"mean"
"KEN","Kenya","KEN.36_1","Nyeri",833941.304484949,0,0,2020,"mean"
"KEN","Kenya","KEN.37_1","Samburu",329472.075193919,0,0,2020,"mean"
"KEN","Kenya","KEN.38_1","Siaya",1074861.07771432,0,0,2020,"mean"
"KEN","Kenya","KEN.39_1","Taita Taveta",405156.54471004,0,0,2020,"mean"
"KEN","Kenya","KEN.40_1","Tana River",463104.766336476,0,0,2020,"mean"
"KEN","Kenya","KEN.41_1","Tharaka-Nithi",431571.639180172,0,0,2020,"mean"
"KEN","Kenya","KEN.42_1","Trans Nzoia",1190050.50722444,0,0,2020,"mean"
"KEN","Kenya","KEN.43_1","Turkana",1230060.4972608,0.000107455117822396,0.000242558950006973,2020,"mean"
"KEN","Kenya","KEN.44_1","Uasin Gishu",1409960.90418893,0,0,2020,"mean"
"KEN","Kenya","KEN.45_1","Vihiga",725733.959703155,0,0,2020,"mean"
"KEN","Kenya","KEN.46_1","Wajir",1761079.21807912,0,0,2020,"mean"
"KEN","Kenya","KEN.47_1","West Pokot",782365.908722758,0.000325521811257884,0.000280261588503516,2020,"mean"
"LBR","Liberia","LBR.1_1","Bomi",143376.124658108,0,0,2020,"mean"
"LBR","Liberia","LBR.2_1","Bong",368040.38061738,0,0,2020,"mean"
"LBR","Liberia","LBR.3_1","Gbapolu",108570.697178602,0,0,2020,"mean"
"LBR","Liberia","LBR.4_1","Grand Cape Mount",155992.723791957,0,0,2020,"mean"
"LBR","Liberia","LBR.5_1","GrandBassa",250964.235837936,0,0,2020,"mean"
"LBR","Liberia","LBR.6_1","GrandGedeh",165983.930006742,0,0,2020,"mean"
"LBR","Liberia","LBR.7_1","GrandKru",59657.8309550285,0,0,2020,"mean"
"LBR","Liberia","LBR.8_1","Lofa",311727.201100111,0,0,2020,"mean"
"LBR","Liberia","LBR.9_1","Margibi",357835.099094391,0,0,2020,"mean"
"LBR","Liberia","LBR.10_1","Maryland",158388.8431499,0,0,2020,"mean"
"LBR","Liberia","LBR.11_1","Montserrado",1335741.75012398,0,0,2020,"mean"
"LBR","Liberia","LBR.12_1","Nimba",554760.085332632,0,0,2020,"mean"
"LBR","Liberia","LBR.13_1","River Cess",92649.1354372501,0,0,2020,"mean"
"LBR","Liberia","LBR.14_1","River Gee",104065.852195501,0,0,2020,"mean"
"LBR","Liberia","LBR.15_1","Sinoe",116755.88156414,0,0,2020,"mean"
"LSO","Lesotho","LSO.1_1","Berea",297544.455370188,0.0165434541887845,0.0170253226028938,2020,"mean"
"LSO","Lesotho","LSO.2_1","Butha-Buthe",96068.0062103271,0.00702173234690185,0.00833704166071528,2020,"mean"
"LSO","Lesotho","LSO.3_1","Leribe",268017.693337917,0.0123044910827932,0.0129407644424578,2020,"mean"
"LSO","Lesotho","LSO.4_1","Mafeteng",169593.595931806,0.0233489164987402,0.0233600068667225,2020,"mean"
"LSO","Lesotho","LSO.5_1","Maseru",416146.622198939,0.0200832860460084,0.0191232833420563,2020,"mean"
"LSO","Lesotho","LSO.6_1","Mohale's Hoek",161124.308988988,0.0301540814499485,0.0318370626322433,2020,"mean"
"LSO","Lesotho","LSO.7_1","Mokhotlong",113431.505741476,0.00748031236746881,0.00789417376234727,2020,"mean"
"LSO","Lesotho","LSO.8_1","Qacha's Nek",62514.0898222625,0.0232250810854814,0.0250639187205758,2020,"mean"
"LSO","Lesotho","LSO.9_1","Quthing",114950.172723453,0.0384524492188715,0.0380986422291564,2020,"mean"
"LSO","Lesotho","LSO.10_1","Thaba-Tseka",127466.087925646,0.0166372766305927,0.0165903631198289,2020,"mean"
"MDG","Madagascar","MDG.1_1","Antananarivo",7959474.45430923,0,0,2020,"mean"
"MDG","Madagascar","MDG.2_1","Antsiranana",1996124.28603667,0,0,2020,"mean"
"MDG","Madagascar","MDG.3_1","Fianarantsoa",5673069.18118936,0.0500638441145185,0.101098220082892,2020,"mean"
"MDG","Madagascar","MDG.4_1","Mahajanga",3713172.97802398,0,0,2020,"mean"
"MDG","Madagascar","MDG.5_1","Toamasina",3565552.65860118,0.0880327959883862,0.133433795343993,2020,"mean"
"MDG","Madagascar","MDG.6_1","Toliary",4535246.20585695,0,0,2020,"mean"
"MLI","Mali","MLI.1_1","Bamako",3166166.00222778,0,0,2020,"mean"
"MLI","Mali","MLI.2_1","Gao",912983.694678411,0,0,2020,"mean"
"MLI","Mali","MLI.3_1","Kayes",2931603.5198349,0,0,2020,"mean"
"MLI","Mali","MLI.4_1","Kidal",132740.222213848,0,0,2020,"mean"
"MLI","Mali","MLI.5_1","Koulikoro",4620732.23392618,0,0,2020,"mean"
"MLI","Mali","MLI.6_1","Mopti",2901244.23788226,0.122018595752178,0.226929999549346,2020,"mean"
"MLI","Mali","MLI.7_1","Ségou",3366379.4005658,0.000494613003410749,0.000620440363202078,2020,"mean"
"MLI","Mali","MLI.8_1","Sikasso",4056139.97418353,0,0,2020,"mean"
"MLI","Mali","MLI.9_1","Timbuktu",1098160.5062152,0,0,2020,"mean"
"MOZ","Mozambique","MOZ.1_1","Cabo Delgado",2143343.74120963,0,0,2020,"mean"
"MOZ","Mozambique","MOZ.2_1","Gaza",1526577.38990308,9.54900082258318e-06,1.20929707981207e-06,2020,"mean"
"MOZ","Mozambique","MOZ.3_1","Inhambane",1463383.00030645,0,0,2020,"mean"
"MOZ","Mozambique","MOZ.4_1","Manica",2341403.34442306,0,0,2020,"mean"
"MOZ","Mozambique","MOZ.6_1","Maputo",1104180.44810384,8.73886029819479e-05,6.28562165035185e-05,2020,"mean"
"MOZ","Mozambique","MOZ.5_1","Maputo City",2153648.33888435,0,0,2020,"mean"
"MOZ","Mozambique","MOZ.7_1","Nampula",5937502.81333351,0,0,2020,"mean"
"MOZ","Mozambique","MOZ.8_1","Nassa",2188690.26248204,0,0,2020,"mean"
"MOZ","Mozambique","MOZ.9_1","Sofala",2270634.58026537,0,0,2020,"mean"
"MOZ","Mozambique","MOZ.10_1","Tete",3445160.37502195,0,0,2020,"mean"
"MOZ","Mozambique","MOZ.11_1","Zambezia",5742850.11777821,0.156574870247328,0.149782517805397,2020,"mean"
"MRT","Mauritania","MRT.1_1","Adrar",60635.6196349934,0,0,2020,"mean"
"MRT","Mauritania","MRT.2_1","Assaba",382539.516026214,0,0,2020,"mean"
"MRT","Mauritania","MRT.3_1","Brakna",359243.551384851,0,0,2020,"mean"
"MRT","Mauritania","MRT.4_1","Dakhlet Nouadhibou",100135.215577055,0,0,2020,"mean"
"MRT","Mauritania","MRT.5_1","Gorgol",388132.499828815,0,0,2020,"mean"
"MRT","Mauritania","MRT.6_1","Guidimaka",329897.463681221,0,0,2020,"mean"
"MRT","Mauritania","MRT.7_1","Hodh ech Chargui",599314.77078853,0,0,2020,"mean"
"MRT","Mauritania","MRT.8_1","Hodh el Gharbi",355392.782380246,0,0,2020,"mean"
"MRT","Mauritania","MRT.9_1","Inchiri",26192.5431968195,0,0,2020,"mean"
"MRT","Mauritania","MRT.10_1","Nouakchott",1352620.10668764,0,0,2020,"mean"
"MRT","Mauritania","MRT.11_1","Tagant",83566.7965527475,0,0,2020,"mean"
"MRT","Mauritania","MRT.12_1","Tiris Zemmour",61348.2709652716,0,0,2020,"mean"
"MRT","Mauritania","MRT.13_1","Trarza",259835.99602755,0,0,2020,"mean"
"MUS","Mauritius","MUS.1_1","Agalega Islands",81.0463547706604,NA,0,2020,"mean"
"MUS","Mauritius","MUS.2_1","Black River",143253.485125542,NA,0,2020,"mean"
"MUS","Mauritius","MUS.3_1","Flacq",131406.938966751,NA,0,2020,"mean"
"MUS","Mauritius","MUS.4_1","Grand Port",99863.8009248674,NA,0,2020,"mean"
"MUS","Mauritius","MUS.5_1","Moka",148214.302044868,NA,0,2020,"mean"
"MUS","Mauritius","MUS.6_1","Pamplemousses",152360.508451462,NA,0,2020,"mean"
"MUS","Mauritius","MUS.7_1","Plaines Wilhems",289660.241914034,NA,0,2020,"mean"
"MUS","Mauritius","MUS.8_1","Port Louis",23389.6571655273,NA,0,2020,"mean"
"MUS","Mauritius","MUS.9_1","Rivière du Rempart",96439.4880428314,NA,0,2020,"mean"
"MUS","Mauritius","MUS.10_1","Rodriguez",34007.8178329468,NA,0,2020,"mean"
"MUS","Mauritius","MUS.11_1","Saint Brandon",0,NA,NA,2020,"mean"
"MUS","Mauritius","MUS.12_1","Savanne",53478.2526473999,NA,0,2020,"mean"
"MWI","Malawi","MWI.1_1","Balaka",403957.480689526,0,0,2020,"mean"
"MWI","Malawi","MWI.2_1","Blantyre",1284095.60390365,0,0,2020,"mean"
"MWI","Malawi","MWI.3_1","Chikwawa",562127.318711048,0,0,2020,"mean"
"MWI","Malawi","MWI.4_1","Chiradzulu",366061.071023345,0,0,2020,"mean"
"MWI","Malawi","MWI.5_1","Chitipa",253632.311448229,0,0,2020,"mean"
"MWI","Malawi","MWI.6_1","Dedza",826152.998948732,0,0,2020,"mean"
"MWI","Malawi","MWI.7_1","Dowa",824267.365897834,0,0,2020,"mean"
"MWI","Malawi","MWI.8_1","Karonga",375488.275148496,0,0,2020,"mean"
"MWI","Malawi","MWI.9_1","Kasungu",871863.982995384,0,0,2020,"mean"
"MWI","Malawi","MWI.10_1","Likoma",4861.03337097168,NA,0,2020,"mean"
"MWI","Malawi","MWI.11_1","Lilongwe",3084438.82640975,0,0,2020,"mean"
"MWI","Malawi","MWI.12_1","Machinga",711743.569628627,0,0,2020,"mean"
"MWI","Malawi","MWI.13_1","Mangochi",1094401.0786686,0,0,2020,"mean"
"MWI","Malawi","MWI.14_1","Mchinji",674854.754336043,0,0,2020,"mean"
"MWI","Malawi","MWI.15_1","Mulanje",647592.5888905,0,0,2020,"mean"
"MWI","Malawi","MWI.16_1","Mwanza",134227.833255068,0,0,2020,"mean"
"MWI","Malawi","MWI.17_1","Mzimba",1228461.06182012,0,0,2020,"mean"
"MWI","Malawi","MWI.18_1","Neno",158821.788241191,0,0,2020,"mean"
"MWI","Malawi","MWI.19_1","Nkhata Bay",313776.756847108,0,0,2020,"mean"
"MWI","Malawi","MWI.20_1","Nkhotakota",419467.258479245,0,0,2020,"mean"
"MWI","Malawi","MWI.21_1","Nsanje",282132.029107302,0.00503002931089962,0.0146598191473957,2020,"mean"
"MWI","Malawi","MWI.22_1","Ntcheu",634147.878150413,0,0,2020,"mean"
"MWI","Malawi","MWI.23_1","Ntchisi",315410.719904178,0,0,2020,"mean"
"MWI","Malawi","MWI.24_1","Phalombe",416208.303423079,0,0,2020,"mean"
"MWI","Malawi","MWI.25_1","Rumphi",238338.932419054,0,0,2020,"mean"
"MWI","Malawi","MWI.26_1","Salima",503306.475902311,0,0,2020,"mean"
"MWI","Malawi","MWI.27_1","Thyolo",801505.481209813,0,0,2020,"mean"
"MWI","Malawi","MWI.28_1","Zomba",851750.146227714,0,0,2020,"mean"
"NAM","Namibia","NAM.1_1","!Karas",84565.8704008496,0.0918807803269433,0.101138206681175,2020,"mean"
"NAM","Namibia","NAM.2_1","Erongo",199277.93942418,0.230101578859348,0.147126476580049,2020,"mean"
"NAM","Namibia","NAM.3_1","Hardap",92115.592790559,0.0816681486198896,0.101200226145857,2020,"mean"
"NAM","Namibia","NAM.4_1","Kavango",220830.55014457,0.769068656405906,0.761281275242767,2020,"mean"
"NAM","Namibia","NAM.5_1","Khomas",454502.267317154,0.0922072323414083,0.118889444696222,2020,"mean"
"NAM","Namibia","NAM.6_1","Kunene",104659.375732181,0.699524783205723,0.655630186585066,2020,"mean"
"NAM","Namibia","NAM.7_1","Ohangwena",242058.097076356,0.47408661578107,0.480127457836664,2020,"mean"
"NAM","Namibia","NAM.8_1","Omaheke",75185.0167797655,0.313178009595554,0.220151382172821,2020,"mean"
"NAM","Namibia","NAM.9_1","Omusati",246886.950899276,0.571869987318149,0.481222911093841,2020,"mean"
"NAM","Namibia","NAM.10_1","Oshana",174085.89422176,0.618744678563065,0.528857223105204,2020,"mean"
"NAM","Namibia","NAM.11_1","Oshikoto",221544.428776349,0.524699164382299,0.526867537424159,2020,"mean"
"NAM","Namibia","NAM.12_1","Otjozondjupa",157106.526186417,0.482804373656058,0.37748304258037,2020,"mean"
"NAM","Namibia","NAM.13_1","Zambezi",100290.522706626,0.913083664936727,0.873724803934044,2020,"mean"
"NER","Niger","NER.1_1","Agadez",671296.369556883,0,0,2020,"mean"
"NER","Niger","NER.2_1","Diffa",889355.058534212,0,0,2020,"mean"
"NER","Niger","NER.3_1","Dosso",2552224.34229946,0,0,2020,"mean"
"NER","Niger","NER.4_1","Maradi",4628321.64468849,0,0,2020,"mean"
"NER","Niger","NER.5_1","Niamey",1192047.65099335,0,0,2020,"mean"
"NER","Niger","NER.6_1","Tahoua",5019371.43744054,0,0,2020,"mean"
"NER","Niger","NER.7_1","Tillabéry",3725538.92909145,0,0,2020,"mean"
"NER","Niger","NER.8_1","Zinder",5260091.95394558,0,0,2020,"mean"
"NGA","Nigeria","NGA.1_1","Abia",4242682.77242279,0,0,2020,"mean"
"NGA","Nigeria","NGA.2_1","Adamawa",4589459.51340282,0,0,2020,"mean"
"NGA","Nigeria","NGA.3_1","Akwa Ibom",5988934.18358135,0,0,2020,"mean"
"NGA","Nigeria","NGA.4_1","Anambra",5869516.43431854,0,0,2020,"mean"
"NGA","Nigeria","NGA.5_1","Bauchi",7226995.64345074,0,0,2020,"mean"
"NGA","Nigeria","NGA.6_1","Bayelsa",2544211.30494213,0,0,2020,"mean"
"NGA","Nigeria","NGA.7_1","Benue",6359629.14131927,0,0,2020,"mean"
"NGA","Nigeria","NGA.8_1","Borno",6614194.82649994,0,0,2020,"mean"
"NGA","Nigeria","NGA.9_1","Cross River",4326543.7683723,0,0,2020,"mean"
"NGA","Nigeria","NGA.10_1","Delta",6300914.4403795,0,0,2020,"mean"
"NGA","Nigeria","NGA.11_1","Ebonyi",3142078.40332794,0,0,2020,"mean"
"NGA","Nigeria","NGA.12_1","Edo",4804837.08376551,0,0,2020,"mean"
"NGA","Nigeria","NGA.13_1","Ekiti",3512323.60943794,0,0,2020,"mean"
"NGA","Nigeria","NGA.14_1","Enugu",4832253.33425331,0,0,2020,"mean"
"NGA","Nigeria","NGA.15_1","Federal Capital Territory",4801845.32012558,0,0,2020,"mean"
"NGA","Nigeria","NGA.16_1","Gombe",3706881.95759219,0,0,2020,"mean"
"NGA","Nigeria","NGA.17_1","Imo",6060288.67178345,0,0,2020,"mean"
"NGA","Nigeria","NGA.18_1","Jigawa",6414424.17365456,0,0,2020,"mean"
"NGA","Nigeria","NGA.19_1","Kaduna",9244042.69056985,0,0,2020,"mean"
"NGA","Nigeria","NGA.20_1","Kano",14734745.968008,0,0,2020,"mean"
"NGA","Nigeria","NGA.21_1","Katsina",8722360.60884857,0,0,2020,"mean"
"NGA","Nigeria","NGA.22_1","Kebbi",4972560.5572834,0.00228577672049057,0.00106954987200411,2020,"mean"
"NGA","Nigeria","NGA.23_1","Kogi",4970065.69613576,0,0,2020,"mean"
"NGA","Nigeria","NGA.24_1","Kwara",3576882.61219668,0,0,2020,"mean"
"NGA","Nigeria","NGA.25_1","Lagos",13503263.790319,0,0,2020,"mean"
"NGA","Nigeria","NGA.26_1","Nassarawa",2845545.8634423,0,0,2020,"mean"
"NGA","Nigeria","NGA.27_1","Niger",6275807.3934609,0,0,2020,"mean"
"NGA","Nigeria","NGA.28_1","Ogun",6151696.41499805,0,0,2020,"mean"
"NGA","Nigeria","NGA.29_1","Ondo",5195516.79648638,0,0,2020,"mean"
"NGA","Nigeria","NGA.30_1","Osun",5207910.53634548,0,0,2020,"mean"
"NGA","Nigeria","NGA.31_1","Oyo",8707670.00483072,0,0,2020,"mean"
"NGA","Nigeria","NGA.32_1","Plateau",4775830.95480156,0,0,2020,"mean"
"NGA","Nigeria","NGA.33_1","Rivers",7252733.86810493,0,0,2020,"mean"
"NGA","Nigeria","NGA.34_1","Sokoto",5588418.51554054,0,0,2020,"mean"
"NGA","Nigeria","NGA.35_1","Taraba",3373974.14471263,0,0,2020,"mean"
"NGA","Nigeria","NGA.36_1","Yobe",3713532.82344437,0,0,2020,"mean"
"NGA","Nigeria","NGA.37_1","Zamfara",4957137.81262589,0,0,2020,"mean"
"RWA","Rwanda","RWA.1_1","Amajyaruguru",1903021.45274544,0,0,2020,"mean"
"RWA","Rwanda","RWA.2_1","Amajyepfo",3129110.68286228,0.146818344653757,0.170928858831213,2020,"mean"
"RWA","Rwanda","RWA.3_1","Iburasirazuba",3808058.89027625,0.169120043448117,0.173872170774615,2020,"mean"
"RWA","Rwanda","RWA.4_1","Iburengerazuba",2825891.10325527,0,0,2020,"mean"
"RWA","Rwanda","RWA.5_1","Umujyi wa Kigali",1661174.32984924,0,0,2020,"mean"
"SDN","Sudan","SDN.1_1","Al Jazirah",3936919.33675432,0.277544548264979,0.302451116845989,2020,"mean"
"SDN","Sudan","SDN.2_1","Al Qadarif",1731286.33227509,0.00439007071660442,0.0053111925094993,2020,"mean"
"SDN","Sudan","SDN.3_1","Blue Nile",1164657.60547656,0.000645335618927689,0.000891368861232631,2020,"mean"
"SDN","Sudan","SDN.4_1","Central Darfur",790980.27640295,0,0,2020,"mean"
"SDN","Sudan","SDN.5_1","East Darfur",2297308.28428721,9.44527885484517e-06,4.50189912489614e-06,2020,"mean"
"SDN","Sudan","SDN.6_1","Kassala",2215018.93787789,0,0,2020,"mean"
"SDN","Sudan","SDN.7_1","Khartoum",7373598.45182514,0.00305478315409055,0.00441909748752822,2020,"mean"
"SDN","Sudan","SDN.8_1","North Darfur",3355675.67376978,0,0,2020,"mean"
"SDN","Sudan","SDN.9_1","North Kurdufan",2842393.12374261,0,0,2020,"mean"
"SDN","Sudan","SDN.10_1","Northern",911316.651649874,1.33954695584861e-05,2.96185140626357e-05,2020,"mean"
"SDN","Sudan","SDN.11_1","Red Sea",2421527.40312535,0.000211503913824096,4.8452465325485e-05,2020,"mean"
"SDN","Sudan","SDN.12_1","River Nile",1514230.93839937,0.0192827836543254,0.00824719340069315,2020,"mean"
"SDN","Sudan","SDN.13_1","Sennar",1755889.24795961,0.277285897382571,0.319488816435856,2020,"mean"
"SDN","Sudan","SDN.14_1","South Darfur",4302228.81864476,1.05201669926618e-05,4.9167093170596e-06,2020,"mean"
"SDN","Sudan","SDN.15_1","South Kurdufan",883917.425450206,8.54843379564244e-05,4.82174438723205e-05,2020,"mean"
"SDN","Sudan","SDN.16_1","West Darfur",808749.375626564,0,0,2020,"mean"
"SDN","Sudan","SDN.17_1","West Kurdufan",1754048.59958744,5.25172184146871e-06,1.278749440447e-06,2020,"mean"
"SDN","Sudan","SDN.18_1","White Nile",2536943.20487145,0.0140579703544504,0.0192092015793021,2020,"mean"
"SEN","Senegal","SEN.1_1","Dakar",3335467.60921478,0,0,2020,"mean"
"SEN","Senegal","SEN.2_1","Diourbel",1799956.44056129,0,0,2020,"mean"
"SEN","Senegal","SEN.3_1","Fatick",869935.277287126,0,0,2020,"mean"
"SEN","Senegal","SEN.4_1","Kaffrine",697414.884328365,0.175025161499277,0.118230151719598,2020,"mean"
"SEN","Senegal","SEN.5_1","Kaolack",1148265.19628477,0.10685895035471,0.0924946414442514,2020,"mean"
"SEN","Senegal","SEN.6_1","Kédougou",185033.733764172,0,0,2020,"mean"
"SEN","Senegal","SEN.7_1","Kolda",798133.164564371,0.00277136666700244,0.0027486736717718,2020,"mean"
"SEN","Senegal","SEN.8_1","Louga",1060525.82370412,0,0,2020,"mean"
"SEN","Senegal","SEN.9_1","Matam",659842.434526086,0,0,2020,"mean"
"SEN","Senegal","SEN.10_1","Saint-Louis",1036254.12758994,0,0,2020,"mean"
"SEN","Senegal","SEN.11_1","Sédhiou",550594.330756068,0.00207587678072064,0.00138766205137916,2020,"mean"
"SEN","Senegal","SEN.12_1","Tambacounda",823118.86239481,0.0378635325821334,0.0514242136469552,2020,"mean"
"SEN","Senegal","SEN.13_1","Thiès",2062104.46762848,0,0,2020,"mean"
"SEN","Senegal","SEN.14_1","Ziguinchor",654950.224309176,0,0,2020,"mean"
"SLE","Sierra Leone","SLE.1_1","Eastern",1485377.42517948,0,0,2020,"mean"
"SLE","Sierra Leone","SLE.2_1","Northern",2261152.66190884,0,0,2020,"mean"
"SLE","Sierra Leone","SLE.3_1","Southern",1563232.95244791,0,0,2020,"mean"
"SLE","Sierra Leone","SLE.4_1","Western",1156992.17945862,0,0,2020,"mean"
"SOM","Somalia","SOM.1_1","Awdal",440921.13026166,0.00654407716084078,0.00583247612363333,2020,"mean"
"SOM","Somalia","SOM.2_1","Bakool",452912.043454647,0.0640869856953075,0.0601045850769595,2020,"mean"
"SOM","Somalia","SOM.3_1","Banaadir",988472.377876282,0.0196803331907306,0.0149267310221998,2020,"mean"
"SOM","Somalia","SOM.4_1","Bari",558939.868063986,0.0139145293198165,0.013753652574943,2020,"mean"
"SOM","Somalia","SOM.5_1","Bay",915600.16565752,0.0333062233720564,0.0308615083711466,2020,"mean"
"SOM","Somalia","SOM.6_1","Galguduud",488726.451843739,0.0580373428718548,0.0579350842231426,2020,"mean"
"SOM","Somalia","SOM.7_1","Gedo",481028.852020383,0.0591351560025859,0.0595163188065332,2020,"mean"
"SOM","Somalia","SOM.8_1","Hiiraan",483978.720937014,0.0574189671370516,0.0576723941477215,2020,"mean"
"SOM","Somalia","SOM.9_1","Jubbada Dhexe",354722.941799283,0.0732812436240516,0.0802695974887959,2020,"mean"
"SOM","Somalia","SOM.10_1","Jubbada Hoose",544950.236697063,0.0420340514999976,0.0473852039923449,2020,"mean"
"SOM","Somalia","SOM.11_1","Mudug",515643.657429338,0.0192976268444962,0.0183152469174045,2020,"mean"
"SOM","Somalia","SOM.12_1","Nugaal",183239.115070343,0.0525874075919817,0.05207038847711,2020,"mean"
"SOM","Somalia","SOM.13_1","Sanaag",394534.936270952,0.00688138188179437,0.00700512221301426,2020,"mean"
"SOM","Somalia","SOM.14_1","Shabeellaha Dhexe",770070.144584417,0.038691881755159,0.0365995609607744,2020,"mean"
"SOM","Somalia","SOM.15_1","Shabeellaha Hoose",1328252.58147907,0.0164166961210661,0.0179620829311315,2020,"mean"
"SOM","Somalia","SOM.16_1","Sool",220222.263536692,0.01252826824566,0.0122816873810086,2020,"mean"
"SOM","Somalia","SOM.17_1","Togdheer",606273.089143753,0.00421718159999018,0.00421495187833816,2020,"mean"
"SOM","Somalia","SOM.18_1","Woqooyi Galbeed",1028145.28042197,0.00269102803053036,0.00237981072531355,2020,"mean"
"SSD","South Sudan","SSD.1_1","Central Equatoria",1885856.08013129,0.0106330226798278,0.0120204063033769,2020,"mean"
"SSD","South Sudan","SSD.2_1","Eastern Equatoria",6156785.40750989,0.0199645765105101,0.0272701118039303,2020,"mean"
"SSD","South Sudan","SSD.3_1","Jungoli",2068028.94744214,0.00933185786732569,0.00971528778875181,2020,"mean"
"SSD","South Sudan","SSD.4_1","Lakes",900533.881458558,0.00657822657641895,0.00696506253982111,2020,"mean"
"SSD","South Sudan","SSD.5_1","North Bahr-al-Ghazal",861705.036151826,0.00396655554985915,0.00456026450429856,2020,"mean"
"SSD","South Sudan","SSD.6_1","Unity",955832.224580072,0.00909923660442484,0.00893397974544287,2020,"mean"
"SSD","South Sudan","SSD.7_1","Upper Nile",1541284.3920244,0.0145140639574363,0.0138696135577235,2020,"mean"
"SSD","South Sudan","SSD.8_1","Warap",1042483.36426294,0.00496540348397272,0.00496414550867743,2020,"mean"
"SSD","South Sudan","SSD.9_1","West Bahr-al-Ghazal",330922.820822746,0.00295471604848589,0.00318245097554388,2020,"mean"
"SSD","South Sudan","SSD.10_1","West Equatoria",951259.967532933,0.00327659293687812,0.00329284317153062,2020,"mean"
"STP","São Tomé and Príncipe","STP.1_1","Príncipe",6591.27982330322,0.177139732241631,0.139013366909054,2020,"mean"
"STP","São Tomé and Príncipe","STP.2_1","São Tomé",122582.277107239,0.418878346681595,0.407812989763725,2020,"mean"
"SWZ","Swaziland","SWZ.1_1","Hhohho",308032.927072823,0.0154088930803878,0.0139107275953945,2020,"mean"
"SWZ","Swaziland","SWZ.2_1","Lubombo",213705.099897549,0.0319389528516517,0.0307674972485424,2020,"mean"
"SWZ","Swaziland","SWZ.3_1","Manzini",366739.684848785,0.00933340452778524,0.0107168905757124,2020,"mean"
"SWZ","Swaziland","SWZ.4_1","Shiselweni",191982.417162776,0.0083859443508724,0.00735942172302457,2020,"mean"
"SYC","Seychelles","SYC.1_1","Anse aux Pins",0,NA,NA,2020,"mean"
"SYC","Seychelles","SYC.2_1","Anse Boileau",8442.22648620605,NA,0,2020,"mean"
"SYC","Seychelles","SYC.3_1","Anse Étoile",0,NA,NA,2020,"mean"
"SYC","Seychelles","SYC.4_1","Anse Royale",0,NA,NA,2020,"mean"
"SYC","Seychelles","SYC.5_1","Au Cap",0,NA,NA,2020,"mean"
"SYC","Seychelles","SYC.6_1","Baie Lazare",7387.56750488281,NA,0,2020,"mean"
"SYC","Seychelles","SYC.7_1","Baie Sainte Anne",3472.28817749023,NA,0,2020,"mean"
"SYC","Seychelles","SYC.8_1","Beau Vallon",0,NA,NA,2020,"mean"
"SYC","Seychelles","SYC.9_1","Bel Air",0,NA,NA,2020,"mean"
"SYC","Seychelles","SYC.10_1","Belombre",0,NA,NA,2020,"mean"
"SYC","Seychelles","SYC.11_1","Cascade",0,NA,NA,2020,"mean"
"SYC","Seychelles","SYC.12_1","English River",20074.3611602783,NA,0,2020,"mean"
"SYC","Seychelles","SYC.13_1","Glacis",5373.15213012695,NA,0,2020,"mean"
"SYC","Seychelles","SYC.14_1","Grand' Anse",0,NA,NA,2020,"mean"
"SYC","Seychelles","SYC.15_1","Grand'Anse Praslin",3132.37576293945,NA,0,2020,"mean"
"SYC","Seychelles","SYC.16_1","La Digue and Inner Islands",3235.70450592041,NA,0,2020,"mean"
"SYC","Seychelles","SYC.17_1","Les Mamelles",0,NA,NA,2020,"mean"
"SYC","Seychelles","SYC.18_1","Mont Buxton",0,NA,NA,2020,"mean"
"SYC","Seychelles","SYC.19_1","Mont Fleuri",0,NA,NA,2020,"mean"
"SYC","Seychelles","SYC.20_1","Outer Islands",267.61641818285,NA,0,2020,"mean"
"SYC","Seychelles","SYC.21_1","Plaisance",12185.1463623047,NA,0,2020,"mean"
"SYC","Seychelles","SYC.22_1","Pointe La Rue",0,NA,NA,2020,"mean"
"SYC","Seychelles","SYC.23_1","Port Glaud",2087.85781478882,NA,0,2020,"mean"
"SYC","Seychelles","SYC.24_1","Roche Caïman",0,NA,NA,2020,"mean"
"SYC","Seychelles","SYC.25_1","Saint Louis",0,NA,NA,2020,"mean"
"SYC","Seychelles","SYC.26_1","Takamaka",2499.85356140137,NA,0,2020,"mean"
"TCD","Chad","TCD.1_1","Barh el Ghazel",438262.52966398,0,0,2020,"mean"
"TCD","Chad","TCD.2_1","Batha",700452.733666062,0,0,2020,"mean"
"TCD","Chad","TCD.3_1","Borkou",263214.337408736,0,0,2020,"mean"
"TCD","Chad","TCD.4_1","Chari-Baguirmi",870321.605006814,0,0,2020,"mean"
"TCD","Chad","TCD.5_1","Ennedi Est",285250.78251449,0,0,2020,"mean"
"TCD","Chad","TCD.6_1","Ennedi Ouest",114039.660750553,0,0,2020,"mean"
"TCD","Chad","TCD.7_1","Guéra",793180.317581892,0,0,2020,"mean"
"TCD","Chad","TCD.8_1","Hadjer-Lamis",768212.526216894,0,0,2020,"mean"
"TCD","Chad","TCD.9_1","Kanem",552027.364344656,0,0,2020,"mean"
"TCD","Chad","TCD.10_1","Lac",625536.953385226,0,0,2020,"mean"
"TCD","Chad","TCD.11_1","Logone Occidental",838514.638583183,0,0,2020,"mean"
"TCD","Chad","TCD.12_1","Logone Oriental",1254243.25513363,0,0,2020,"mean"
"TCD","Chad","TCD.13_1","Mandoul",872148.843173921,0,0,2020,"mean"
"TCD","Chad","TCD.14_1","Mayo-Kebbi Est",1047365.65797114,0,0,2020,"mean"
"TCD","Chad","TCD.15_1","Mayo-Kebbi Ouest",756913.099219799,0,0,2020,"mean"
"TCD","Chad","TCD.16_1","Moyen-Chari",825203.373538658,0,0,2020,"mean"
"TCD","Chad","TCD.17_1","Ouaddaï",1166126.85089684,0,0,2020,"mean"
"TCD","Chad","TCD.18_1","Salamat",424952.593911231,0,0,2020,"mean"
"TCD","Chad","TCD.19_1","Sila",625226.526407003,0,0,2020,"mean"
"TCD","Chad","TCD.20_1","Tandjilé",852918.192062855,0,0,2020,"mean"
"TCD","Chad","TCD.21_1","Tibesti",46894.9040554762,0,0,2020,"mean"
"TCD","Chad","TCD.22_1","Ville de N'Djamena",1182764.70396805,0,0,2020,"mean"
"TCD","Chad","TCD.23_1","Wadi Fira",1035869.30178869,0,0,2020,"mean"
"TGO","Togo","TGO.1_1","Centre",851695.857635498,0,0,2020,"mean"
"TGO","Togo","TGO.2_1","Kara",931589.149037838,0,0,2020,"mean"
"TGO","Togo","TGO.3_1","Maritime",3792645.07204819,0,0,2020,"mean"
"TGO","Togo","TGO.4_1","Plateaux",1784073.22741413,0,0,2020,"mean"
"TGO","Togo","TGO.5_1","Savanes",1176584.93289757,0.000641438066959381,0.000433577300440881,2020,"mean"
"TZA","Tanzania","TZA.1_1","Arusha",2093063.03076403,0,0,2020,"mean"
"TZA","Tanzania","TZA.2_1","Dar es Salaam",6498776.41327477,0,0,2020,"mean"
"TZA","Tanzania","TZA.3_1","Dodoma",2471772.12403482,0,0,2020,"mean"
"TZA","Tanzania","TZA.4_1","Geita",2447769.90239057,0,0,2020,"mean"
"TZA","Tanzania","TZA.5_1","Iringa",1043425.46583501,0,0,2020,"mean"
"TZA","Tanzania","TZA.6_1","Kagera",2830562.82463494,0.083471033820311,0.130762158493478,2020,"mean"
"TZA","Tanzania","TZA.7_1","Katavi",726225.771966893,0,0,2020,"mean"
"TZA","Tanzania","TZA.8_1","Kigoma",2562121.73177981,0,0,2020,"mean"
"TZA","Tanzania","TZA.9_1","Kilimanjaro",1868986.84214085,0,0,2020,"mean"
"TZA","Tanzania","TZA.10_1","Lindi",915240.739244232,0,0,2020,"mean"
"TZA","Tanzania","TZA.11_1","Manyara",1858627.49184647,0,0,2020,"mean"
"TZA","Tanzania","TZA.12_1","Mara",2089565.27679712,0,0,2020,"mean"
"TZA","Tanzania","TZA.13_1","Mbeya",3337279.50412633,0,0,2020,"mean"
"TZA","Tanzania","TZA.14_1","Morogoro",2687436.82645945,0,0,2020,"mean"
"TZA","Tanzania","TZA.15_1","Mtwara",1360934.30087996,0,0,2020,"mean"
"TZA","Tanzania","TZA.16_1","Mwanza",3455209.86028743,0,0,2020,"mean"
"TZA","Tanzania","TZA.17_1","Njombe",747730.211830705,0,0,2020,"mean"
"TZA","Tanzania","TZA.18_1","Pemba North",205399.220866203,0,0,2020,"mean"
"TZA","Tanzania","TZA.19_1","Pemba South",200660.203176498,0.0930660426616669,0.0822908510956254,2020,"mean"
"TZA","Tanzania","TZA.20_1","Pwani",1391216.2730367,0,0,2020,"mean"
"TZA","Tanzania","TZA.21_1","Rukwa",1300545.61399731,0,0,2020,"mean"
"TZA","Tanzania","TZA.22_1","Ruvuma",1634578.76491491,0,0,2020,"mean"
"TZA","Tanzania","TZA.23_1","Shinyanga",1813510.76626813,0,0,2020,"mean"
"TZA","Tanzania","TZA.24_1","Simiyu",2056536.46720661,0,0,2020,"mean"
"TZA","Tanzania","TZA.25_1","Singida",1654161.23600385,0,0,2020,"mean"
"TZA","Tanzania","TZA.26_1","Tabora",2931319.98141702,0,0,2020,"mean"
"TZA","Tanzania","TZA.27_1","Tanga",2422567.79117727,0,0,2020,"mean"
"TZA","Tanzania","TZA.28_1","Zanzibar North",186243.095279694,0,0,2020,"mean"
"TZA","Tanzania","TZA.29_1","Zanzibar South and Central",127757.83658886,0.212606053094606,0.147019231002101,2020,"mean"
"TZA","Tanzania","TZA.30_1","Zanzibar West",736118.978733063,0,0,2020,"mean"
"UGA","Uganda","UGA.1_1","Adjumani",246593.044848084,0.172850244368116,0.177247299000132,2020,"mean"
"UGA","Uganda","UGA.2_1","Apac",1196664.87300992,0.153801814845351,0.162951301052105,2020,"mean"
"UGA","Uganda","UGA.3_1","Arua",1365665.30942106,0.0836395248663254,0.0664588084429889,2020,"mean"
"UGA","Uganda","UGA.4_1","Bugiri",689691.622556686,0.0532201027373473,0.0537692436623729,2020,"mean"
"UGA","Uganda","UGA.5_1","Bundibugyo",305486.889164686,0.0693478865988469,0.0604871469910809,2020,"mean"
"UGA","Uganda","UGA.6_1","Bushenyi",950631.711653545,0.0472796987362054,0.0489878242320511,2020,"mean"
"UGA","Uganda","UGA.7_1","Busia",301805.23658371,0.0473662682343274,0.0462695449882907,2020,"mean"
"UGA","Uganda","UGA.8_1","Gulu",1020171.09830518,0.201124982888268,0.210569467311014,2020,"mean"
"UGA","Uganda","UGA.9_1","Hoima",718989.072508276,0.0765939223846155,0.0776027291757715,2020,"mean"
"UGA","Uganda","UGA.10_1","Iganga",1184143.01009941,0.0767974041659256,0.0754760027350986,2020,"mean"
"UGA","Uganda","UGA.11_1","Jinja",529400.409626007,0.0737490706584033,0.0732795467267162,2020,"mean"
"UGA","Uganda","UGA.12_1","Kabale",576521.313814878,0.0415630092821926,0.0416762617908922,2020,"mean"
"UGA","Uganda","UGA.13_1","Kabarole",547742.201707363,0.0573799493240899,0.0571460541845334,2020,"mean"
"UGA","Uganda","UGA.14_1","Kaberamaido",275262.147414863,0.144627712264254,0.148432191139475,2020,"mean"
"UGA","Uganda","UGA.15_1","Kalangala",35601.809633404,0.049756439588964,0.0497897938122045,2020,"mean"
"UGA","Uganda","UGA.16_1","Kampala",1751512.85619068,0.0725197700990571,0.0728527597529382,2020,"mean"
"UGA","Uganda","UGA.17_1","Kamuli",1254513.10402608,0.0948441141098738,0.0996295423175355,2020,"mean"
"UGA","Uganda","UGA.18_1","Kamwenge",529759.298338532,0.0557932152102391,0.0556688553655745,2020,"mean"
"UGA","Uganda","UGA.19_1","Kanungu",268147.899934828,0.0421795207696656,0.0418738511114173,2020,"mean"
"UGA","Uganda","UGA.20_1","Kapchorwa",337746.275650978,0.0414350085620639,0.0423163232120331,2020,"mean"
"UGA","Uganda","UGA.21_1","Kasese",790037.937143177,0.0496994412628708,0.0476648456470747,2020,"mean"
"UGA","Uganda","UGA.22_1","Katakwi",522851.702299833,0.109237925581476,0.116186704619301,2020,"mean"
"UGA","Uganda","UGA.23_1","Kayunga",384702.151418507,0.0872337597457668,0.0878185485584304,2020,"mean"
"UGA","Uganda","UGA.24_1","Kibale",1079356.33080196,0.0621987903547106,0.0633258395522452,2020,"mean"
"UGA","Uganda","UGA.25_1","Kiboga",464278.800963402,0.0679688238435321,0.0659090169430631,2020,"mean"
"UGA","Uganda","UGA.26_1","Kisoro",301720.825071812,0.031474982514172,0.0326004903114571,2020,"mean"
"UGA","Uganda","UGA.27_1","Kitgum",368483.263090611,0.248885387722532,0.266024775879559,2020,"mean"
"UGA","Uganda","UGA.28_1","Kotido",516664.386651248,0.105041529933777,0.1097979105593,2020,"mean"
"UGA","Uganda","UGA.29_1","Kumi",767675.117913008,0.0936182382915701,0.0953618799992738,2020,"mean"
"UGA","Uganda","UGA.30_1","Kyenjojo",964871.444822311,0.0556629175233409,0.0557920435634754,2020,"mean"
"UGA","Uganda","UGA.31_1","Lake Albert",33961.1290334463,0.0291277039667656,0.0911604363772037,2020,"mean"
"UGA","Uganda","UGA.32_1","Lake Victoria",283458.675553411,0.010597232026364,0.0502727395789958,2020,"mean"
"UGA","Uganda","UGA.33_1","Lira",1272700.21221781,0.161972798058513,0.173895316149225,2020,"mean"
"UGA","Uganda","UGA.34_1","Luwero",759210.899175644,0.0761971202699986,0.0731561052998483,2020,"mean"
"UGA","Uganda","UGA.35_1","Masaka",1000937.48175606,0.0491198602424571,0.0497691475667683,2020,"mean"
"UGA","Uganda","UGA.36_1","Masindi",813827.198604584,0.114467825906554,0.11417126584977,2020,"mean"
"UGA","Uganda","UGA.37_1","Mayuge",538890.401489258,0.054668969632882,0.0554165433789608,2020,"mean"
"UGA","Uganda","UGA.38_1","Mbale",1263510.61722183,0.0570836326805875,0.0618966048035767,2020,"mean"
"UGA","Uganda","UGA.39_1","Mbarara",1848158.38398804,0.0489448810008061,0.0495438323730758,2020,"mean"
"UGA","Uganda","UGA.40_1","Moroto",295173.513792276,0.0690173995597741,0.0623776970877348,2020,"mean"
"UGA","Uganda","UGA.41_1","Moyo",121932.996084452,0.134843322004946,0.136745090055314,2020,"mean"
"UGA","Uganda","UGA.42_1","Mpigi",580306.86795032,0.0508150984093828,0.0514320593706413,2020,"mean"
"UGA","Uganda","UGA.43_1","Mubende",1239221.24775058,0.0542986222103031,0.0546185775010457,2020,"mean"
"UGA","Uganda","UGA.44_1","Mukono",1343694.01835132,0.0663000053834696,0.068768570209074,2020,"mean"
"UGA","Uganda","UGA.45_1","Nakapiripirit",349552.227825165,0.0462457310592494,0.0435057110403939,2020,"mean"
"UGA","Uganda","UGA.46_1","Nakasongola",220506.430410326,0.0921981070980881,0.0957268789664216,2020,"mean"
"UGA","Uganda","UGA.47_1","Nebbi",730972.638823479,0.118206697880574,0.10996473969073,2020,"mean"
"UGA","Uganda","UGA.48_1","Ntungamo",554289.266548157,0.0469649476048193,0.04695767719225,2020,"mean"
"UGA","Uganda","UGA.49_1","Pader",462641.188409805,0.225778867617066,0.225618392698032,2020,"mean"
"UGA","Uganda","UGA.50_1","Pallisa",963936.581137419,0.0899313460755092,0.087375100325253,2020,"mean"
"UGA","Uganda","UGA.51_1","Rakai",693600.839576542,0.0472977310602594,0.0471926541029925,2020,"mean"
"UGA","Uganda","UGA.52_1","Rukungiri",351052.676499486,0.0452059666587882,0.0463073169147735,2020,"mean"
"UGA","Uganda","UGA.53_1","Sembabule",286457.903970718,0.0495399535053744,0.0496016771070943,2020,"mean"
"UGA","Uganda","UGA.54_1","Sironko",514650.016100883,0.0570181212946773,0.0596766432729864,2020,"mean"
"UGA","Uganda","UGA.55_1","Soroti",726688.0113343,0.128446366968034,0.131185591751999,2020,"mean"
"UGA","Uganda","UGA.56_1","Tororo",914097.5885849,0.0626448516616191,0.0623494559753018,2020,"mean"
"UGA","Uganda","UGA.57_1","Wakiso",2812947.95962656,0.0626706594412916,0.0672785145294383,2020,"mean"
"UGA","Uganda","UGA.58_1","Yumbe",659563.885356903,0.0793220169310059,0.0783502803829711,2020,"mean"
"ZAF","South Africa","ZAF.1_1","Eastern Cape",6819464.75567614,0.0983272793923569,0.112501324060279,2020,"mean"
"ZAF","South Africa","ZAF.2_1","Free State",2823453.02438111,0.0207785894016863,0.0143074569163313,2020,"mean"
"ZAF","South Africa","ZAF.3_1","Gauteng",15707630.7277378,0.00384981960306435,0.00424840592054636,2020,"mean"
"ZAF","South Africa","ZAF.4_1","KwaZulu-Natal",10864307.3136382,0.0110152092050507,0.0190170750114132,2020,"mean"
"ZAF","South Africa","ZAF.5_1","Limpopo",5853554.87497957,0.0100673391136033,0.00866133541582745,2020,"mean"
"ZAF","South Africa","ZAF.6_1","Mpumalanga",4825732.09583906,0.00455257848218038,0.00386747214803284,2020,"mean"
"ZAF","South Africa","ZAF.7_1","North West",4083723.17502062,0.0103330608324345,0.00940648906769365,2020,"mean"
"ZAF","South Africa","ZAF.8_1","Northern Cape",1373163.43079776,0.0243640808252031,0.0265583365550354,2020,"mean"
"ZAF","South Africa","ZAF.9_1","Western Cape",7049900.60018469,0.0950531320429282,0.178638157688345,2020,"mean"
"ZMB","Zambia","ZMB.1_1","Central",2363347.37950947,0.331794183883713,0.253655381054264,2020,"mean"
"ZMB","Zambia","ZMB.2_1","Copperbelt",2565138.293046,0.295056687961148,0.291729298924135,2020,"mean"
"ZMB","Zambia","ZMB.3_1","Eastern",2118191.26912349,0.24449693918191,0.263984752815902,2020,"mean"
"ZMB","Zambia","ZMB.4_1","Luapula",1665703.08836649,0.321243576451751,0.380189658996603,2020,"mean"
"ZMB","Zambia","ZMB.5_1","Lusaka",2935614.33875434,0.279751831154458,0.134393349452868,2020,"mean"
"ZMB","Zambia","ZMB.6_1","Muchinga",1020179.41845758,0.195858971053637,0.201110576123326,2020,"mean"
"ZMB","Zambia","ZMB.7_1","North-Western",1049991.63963729,0.26672813958985,0.264522566317319,2020,"mean"
"ZMB","Zambia","ZMB.8_1","Northern",1596492.71851892,0.268140982455093,0.258288092954856,2020,"mean"
"ZMB","Zambia","ZMB.9_1","Southern",2173228.9846914,0.313996313301379,0.239853178116068,2020,"mean"
"ZMB","Zambia","ZMB.10_1","Western",1090966.97556242,0.380076984129726,0.393427293130568,2020,"mean"
"ZWE","Zimbabwe","ZWE.1_1","Bulawayo",617709.1701684,0,0,2020,"mean"
"ZWE","Zimbabwe","ZWE.2_1","Harare",2218886.14356613,0,0,2020,"mean"
"ZWE","Zimbabwe","ZWE.3_1","Manicaland",1890238.77471447,0.308758943108307,0.328221288534875,2020,"mean"
"ZWE","Zimbabwe","ZWE.4_1","Mashonaland Central",1280768.9750424,0.000413200512143519,0.000209362756020927,2020,"mean"
"ZWE","Zimbabwe","ZWE.5_1","Mashonaland East",1597821.80333221,0,0,2020,"mean"
"ZWE","Zimbabwe","ZWE.6_1","Mashonaland West",1849522.76486502,0.00321533565493181,0.00283357830120832,2020,"mean"
"ZWE","Zimbabwe","ZWE.7_1","Masvingo",1633122.60498355,0,0,2020,"mean"
"ZWE","Zimbabwe","ZWE.8_1","Matabeleland North",797134.022890192,0.00213985483500813,0.00314596302817743,2020,"mean"
"ZWE","Zimbabwe","ZWE.9_1","Matabeleland South",708246.948809505,0,0,2020,"mean"
"ZWE","Zimbabwe","ZWE.10_1","Midlands",1733487.63890018,0,0,2020,"mean"
